Business Name,Phone,Category
बुटवल हस्पिटल प्रा. लि.,N/A,hospital Butwal
लुम्बिनी अंचल अस्पताल,N/A,hospital Butwal
Chaurah Hospital Pvt. Ltd.,9857089029,hospital Butwal
लुम्बिनी सिटी अस्पताल,N/A,hospital Butwal
Edmond City Hospital,N/A,hospital Butwal
Tilottama Hospital Pvt. Ltd.,N/A,hospital Butwal
Zenus Hospital &Research Center Butwal,N/A,hospital Butwal
Tinau International Hospital Pvt.Ltd. Neuro & Trauma Research Center,N/A,hospital Butwal
"National Multispeciality Clinic, Butwal",N/A,hospital Butwal
Meditech International Hospital and Research Center,N/A,hospital Butwal
Siddhababa Hospital and Research Center Pvt. Ltd.,N/A,hospital Butwal
सिद्धार्थ बाल तथा महिला अस्पताल,N/A,hospital Butwal
Butwal Lions Eye Hospital,N/A,hospital Butwal
Sajha Hospital Pvt.Ltd,N/A,hospital Butwal
Astanga Ayurveda hospital Butwal branch,9857082035,hospital Butwal
Butwal,N/A,hospital Butwal
गौतम बुद्ध सामुदायिक मुटु अस्पताल,N/A,hospital Butwal
लुम्बिनी नर्सिङ होम,N/A,hospital Butwal
Sudha Medical Center Butwal Pvt. Ltd.,9869921001,hospital Butwal
मर्शी सिटि हस्पिटल,N/A,hospital Butwal
Hospital line butwal,N/A,hospital Butwal
Butwal,N/A,hospital Butwal
अस्पताल लाईन,9801760121,hospital Butwal
Gastro Center Butwal,N/A,hospital Butwal
Butwal Eye Care Center – Best Eye Care Hospital in Butwal and Bhairahawa,N/A,hospital Butwal
बुटवल नर्सिङ होम,N/A,nursing home Butwal
खत्री नर्सिङ होम प्रा। लिमिटेड,9849117702,nursing home Butwal
Butwal Skin Clinic,N/A,clinic Butwal
Butwal Neo Clinic,N/A,clinic Butwal
National Clinic Butwal Pvt. Ltd.,N/A,clinic Butwal
Denish Health Clinic Pvt. Ltd.,9857089803,clinic Butwal
Dr Nakul Bista,N/A,clinic Butwal
Vatsalya Butwal Clinic Pvt. Ltd - Best IVF Centre in Butwal,N/A,clinic Butwal
NAMUNA Static Clinic Butwal,N/A,clinic Butwal
Butwal ENT Clinic ( New Butwal Pharma),N/A,clinic Butwal
Nepali Skin Clinic Butwal,9843556469,clinic Butwal
Kantipur Butwal City Polyclinic Pvt. Ltd.,9857826201,clinic Butwal
Bardan Clinic Private Limited,N/A,clinic Butwal
Vardan IVF Center,9766810799,clinic Butwal
Butwal Bal swasthya clinic,9857037668,clinic Butwal
Niwaran Swasthya Clinic-Health Clinic,N/A,clinic Butwal
Arghakhanchi medical hall,N/A,clinic Butwal
Chiropractic and Manual Therapy CMC Butwal Branch,N/A,clinic Butwal
"Dr Pawan Dhital (Urologist)chirayu health clinic ,Butwal",9867511108,clinic Butwal
Max Physiotherapy Clinic,9864453394,clinic Butwal
BHAWANI PHARMACY ( BHAWANI CITY HEALTH CLINIC),N/A,clinic Butwal
Nepali Skin Clinic Butwal,9843556469,clinic Butwal
Bardan Clinic Private Limited,N/A,clinic Butwal
Marie Stopes Centre - Butwal,N/A,clinic Butwal
Shree Krishna Health Clinic,9857086368,clinic Butwal
Abhira Medical and Abhira Health Clinic,9844799317,clinic Butwal
Shuvam Swasthya Clinic,9857075610,clinic Butwal
Modern Diagnostic Lab &Tesla Pharmacy,N/A,diagnostic center Butwal
Asian Diagnostic Laboratory,N/A,diagnostic center Butwal
"Modern Diagnostic Centre , Butwal -9",N/A,diagnostic center Butwal
Genomic Diagnostic Laboratory,N/A,diagnostic center Butwal
BUTWAL CT & IMAGING Center (P.) Ltd.,N/A,diagnostic center Butwal
Butwal Diagnostic And Imaging Center,N/A,diagnostic center Butwal
Siddhababa imaging & diagnostic center pvt.ltd,N/A,diagnostic center Butwal
Reliable diagnostic pathology butwal,9764344209,diagnostic center Butwal
A One Health at KPL Diagnostic,N/A,diagnostic center Butwal
National Path Lab,N/A,diagnostic center Butwal
Reema Medical Labs Solution Pvt.Ltd Butwal,9801156997,diagnostic center Butwal
Sanjibani Pathology Pvt.ltd,N/A,diagnostic center Butwal
RUPANDEHI GASTRO CLINIC,9857076139,diagnostic center Butwal
R K Imaging Center/ Video X ray Clinic,9743667987,diagnostic center Butwal
Peoples ultrasound clinic,N/A,diagnostic center Butwal
Shrijana Medical Hall Butwal,9849827997,diagnostic center Butwal
Sanjibani Pathology Pvt.ltd,N/A,diagnostic center Butwal
Aama Fertility Clinic Butwal,N/A,diagnostic center Butwal
"Health Post (Buddha Nagar , Butwal)",N/A,diagnostic center Butwal
Nidan Ultrasound Bisesagya Sewa,9867714377,diagnostic center Butwal
RUPANDEHI GASTRO CLINIC,9857076139,diagnostic center Butwal
Apollo ultrasound clinic,N/A,diagnostic center Butwal
लुम्बिनी निदान केन्द्र,N/A,diagnostic center Butwal
Sainamaina Health Center,N/A,diagnostic center Butwal
Siddhababa imaging & diagnostic center pvt.ltd,N/A,diagnostic center Butwal
IM MAHALAXMI DENTAL HOME,9867285714,dental clinic Butwal
A𝗱𝗵𝘂𝗻𝗶𝗸 𝗦amaj 𝗗𝗲𝗻𝘁𝗮𝗹 𝗖𝗮𝗿𝗲 𝗕𝗨𝗧𝗪𝗔𝗟,9867246999,dental clinic Butwal
Aarogya Dental and Implant Center,9745416955,dental clinic Butwal
Vijaya Dental Clinic,9867932929,dental clinic Butwal
"Sai Dental Clinic and Implant Center,Butwal",9847959926,dental clinic Butwal
Butwal Dental Care,9867583572,dental clinic Butwal
Om Dental Clinic,N/A,dental clinic Butwal
नेपाल दन्त घर,9857036833,dental clinic Butwal
Ale Dental Clinic,9857060155,dental clinic Butwal
PRIME CARE DENTAL,9867156860,dental clinic Butwal
Ale Dental Hospital,N/A,dental clinic Butwal
Aarogya ENT Center,9745416955,dental clinic Butwal
Sai Dental Clinic & Implant center,9847959926,dental clinic Butwal
Dr. Bhawana Dental Clinic,N/A,dental clinic Butwal
Unique dental and Implant Centre Pvt.Ltd,N/A,dental clinic Butwal
City Hub Dental Spa And Implant Center | Best Dental Clinic,N/A,dental clinic Butwal
Palpali Krishna Dental Clinic Pvt. Ltd.,9857021681,dental clinic Butwal
OMSHANTI DENTAL CARE PVT.LTD,N/A,dental clinic Butwal
Khusi Dental Hospital Pvt. ltd.,9857023238,dental clinic Butwal
Unique dental and Implant Centre Pvt.Ltd,N/A,dental clinic Butwal
The Dental Home,N/A,dental clinic Butwal
सिद्धार्थ डेन्टल किल्निक,N/A,dental clinic Butwal
Chirayu Dental Care,N/A,dental clinic Butwal
Palpa Dental Clinic,9857025108,dental clinic Butwal
Grande Dental Care Pvt ltd,N/A,dental clinic Butwal
Osisara Swasthya Paramarsha,N/A,maternity hospital Butwal
Maternity and pediatric block,N/A,maternity hospital Butwal
Navajanma - Kids and Maternity Store,9806949000,maternity hospital Butwal
Crimson Hospital,N/A,maternity hospital Butwal
Peoples Clinic & Labrotory Fertility (Test Tube Baby) Centre,9857030968,maternity hospital Butwal
Bipasana Fertility Center Pvt Ltd,N/A,maternity hospital Butwal
Hospital,N/A,maternity hospital Butwal
Belbas Physiotherapy Clinic,9827590779,physiotherapy Butwal
Bharosha Physiotherapy Clinic,9742909714,physiotherapy Butwal
Butwal Physiotherapy Center,9867523955,physiotherapy Butwal
Manual Medicine and Rehabilitation center PVT. Ltd (MRC).,9764341974,physiotherapy Butwal
Shree Krishna Physiotherapy Center Butwal Nepal,9748704692,physiotherapy Butwal
Dr. Sagar Pandey (PT),9861667993,physiotherapy Butwal
Dr Damodar Bhattarai,9867234500,physiotherapy Butwal
QUALITY CARE PHYSIOTHERAPY AND SPORTS INJURY CLINIC,9840912728,physiotherapy Butwal
"Sajha Physiotherapy, Butwal",9860379584,physiotherapy Butwal
"Lumbini Physiotherapy , Butwal & Manigram",9857075918,physiotherapy Butwal
Home Physiotherapy Butwal,N/A,physiotherapy Butwal
"Prime physio therapy center, butwal-8 shrawanpath",9860000308,physiotherapy Butwal
"DH Physiotherapy, Kalikanagar, Butwal",N/A,physiotherapy Butwal
Agni path shree krisha physiotherapy center devinagar butwal,N/A,physiotherapy Butwal
Sanopaila pediatric rehabilitation center,N/A,physiotherapy Butwal
Aayam Physiotherapy,9857077817,physiotherapy Butwal
THAKUR GRACE PHYSIOTHERAPY (30 YRS EXPERIENCED),9847027000,physiotherapy Butwal
Tinau physiotherapy तिनाउ फिजियोथेरापी clinic,9867288490,physiotherapy Butwal
Central Physiotherapy,9857037256,physiotherapy Butwal
Dr.Abnish khadka,N/A,physiotherapy Butwal
"Dr. Alok Thaiba, Orthopedics, Arthroscopy and Sports Surgeon",9857074027,physiotherapy Butwal
Shikha Ayurved Pharmacy and Physiotherapy center.,9857033792,physiotherapy Butwal
Physiotherapy Center (Arghakhanchi Homio Pharma),N/A,physiotherapy Butwal
Department of Physiotherapy and Rehabilitation - Siddhababa International Hospital,N/A,physiotherapy Butwal
Muktinath polyclinic Homeopathy Physiotherapy and Acupuncture,9857028193,physiotherapy Butwal
Medicare Polyclinic Butwal Pvt.Ltd.,N/A,polyclinic Butwal
Chirayu Health Home Pvt. Ltd.,N/A,medical center Butwal Rupandehi
तिलक चिकित्सा केन्द्र,N/A,medical center Butwal Rupandehi
Neon Multispeciality Center Pvt. Ltd.,N/A,medical center Butwal Rupandehi
Palpa Bhairav Medical,N/A,medical center Butwal Rupandehi
Nagarik Multispeciality Health Center - Butwal,N/A,medical center Butwal Rupandehi
तिलक चिकित्सा केन्द्र,N/A,medical center Butwal Rupandehi
Aayush Medical Hall hall,9857031471,medical center Butwal Rupandehi
Chirayu Health Home Pvt. Ltd.,N/A,medical center Butwal Rupandehi
Sishu Fertility Clinic & IVF Center Butwal,9714127444,medical center Butwal Rupandehi
Sanjivani Proctolaser and miltispeciality clinic,9857069932,medical center Butwal Rupandehi
"National Bath Rog Center,Butwal Branch/Glorious Health Care Pvt.Ltd",N/A,medical center Butwal Rupandehi
Advanced Gastro Centre Butwal (AGC Butwal),9866695388,medical center Butwal Rupandehi
"Aarogya Allergy, Pulmonology and Sleep Apnea Center",9745416955,medical center Butwal Rupandehi
सिद्धार्थनगर सिटी अस्पताल प्रा। लिमिटेड,N/A,medical center Butwal Rupandehi
Diabetes and Thyroid center (aashirbad pharmacy),9857048605,medical center Butwal Rupandehi
Malla Medical Hall,N/A,medical center Butwal Rupandehi
Aakyanshya Medical Hall,N/A,medical center Butwal Rupandehi
Neuropsychiatry and counselling center,9847069411,medical center Butwal Rupandehi
Neon Multispeciality Center Pvt. Ltd.,N/A,medical center Butwal Rupandehi
New Janasewa Medical Hall,9847046215,medical center Butwal Rupandehi
Hamro swasthya clinic,N/A,medical center Butwal Rupandehi
Ent Care Butwal,9857075922,medical center Butwal Rupandehi
Ruby Pharmacy (नसा टाउको मनोरोग डा. सन्दिप बर्मा)) Neuropsychiatrist in butwal,9847026766,medical center Butwal Rupandehi
Savitri clinic,9847043758,medical center Butwal Rupandehi
Aarogya Thyroid Care Center,9745416955,medical center Butwal Rupandehi