Business Name,Phone,Category
Hercules,9765394200,new cafes in Butwal
Cloud 9 Cafe क्लाउड नाइन क्याफ़े,9869583852,new cafes in Butwal
Cravings,9704500609,new cafes in Butwal
Coffeezo Cafe-Butwal,9705285900,new cafes in Butwal
Machhapuchhre organic coffee,9841144876,new cafes in Butwal
Butwal Fellowship Cafe,9800951115,new cafes in Butwal
Hippiness- The Cafe,9709109370,new cafes in Butwal
36 Riverside,9867156422,new cafes in Butwal
Mythic Cafe,9855039820,new cafes in Butwal
Papaya Butwal,9748703070,new cafes in Butwal
Cafe 99,9857071950,new cafes in Butwal
the beans & bar ‘द’,9824405522,new cafes in Butwal
Cloud Cafe & Hookah Lounge,9810087333,new cafes in Butwal
The Classic Coffee Shop,9802594099,new cafes in Butwal
Brace Bakery and cafe Butwal,9761574747,new cafes in Butwal
Lumbini Barista And Hospitality Training PVT.LTD,9847462093,new cafes in Butwal
Namlo Lounge Cafe,9867403118,new cafes in Butwal
Break point cafe & restaurant,9747377069,best restro and bar Butwal
Jeunesse Restro and Bar,9821080335,best restro and bar Butwal
Nirvana Restaurant & Bar,9768343780,best restro and bar Butwal
Soulmate Restaurant Butwal,9804487112,best restro and bar Butwal
Hide Out Restro,9824460560,best restro and bar Butwal
Cozy Castle | Social Club and Bar,9814496598,best restro and bar Butwal
Grassland Nepal,9704400456,best restro and bar Butwal
Tribi,9845922489,best restro and bar Butwal
The Avenue Kitchen And Lounge Bar Butwal,9857071371,best restro and bar Butwal
The Concept Club and Pub,9801988153,best restro and bar Butwal
Paradise Sports Bar and Resort Pvt.Ltd.,9828569038,best restro and bar Butwal
द दरबार लन पार्टी प्यालेस एन्ड रेस्टुरेन्ट,9748703474,best restro and bar Butwal
Cafe de hungry,9749906787,best restro and bar Butwal
Sungava Restaurants and Bar,9857042063,best restro and bar Butwal
KHeartist Sports Cafe And Bar,9822786810,best restro and bar Butwal
The Concept Club and Pub,9801988153,best restro and bar Butwal
Himchuli Dohori Sanjh,9851125147,best restro and bar Butwal
THE BOMBAY LOUNGE (KHATRI GROUP),9767045781,lounges in Butwal
Karuwa family resturant and lounge,9847391505,lounges in Butwal
Lime & Lemon Lounge Cafe,9867125897,lounges in Butwal
19 west Tropical bar,9815466609,lounges in Butwal
Odaan lounge & bar,9857030748,lounges in Butwal
Griffin Cafe,9706632207,lounges in Butwal
स्वाद लाउन्ज र प्रत्यक्ष संगीत,9847100519,lounges in Butwal
Ghyampe Rock Bar,9812842235,lounges in Butwal
Montana Restaurant Lounge And Bar,9857044214,lounges in Butwal
Stepup Hospitality Butwal,9821919977,lounges in Butwal
Ghyampe Rock Bar,9812842235,lounges in Butwal
City Lounge & Restro,9826000000,lounges in Butwal
ह्याङ आउट गाउँ,9844707796,lounges in Butwal
D' Grill Lounge Restaurant,9857039605,lounges in Butwal
केक घर बेकरी र क्याफे बुटवल,9857039004,bakery and cafe Butwal
Signature Bakery And Cafe,9802543277,bakery and cafe Butwal
Modern Bakery and Cake Shop,9847202491,bakery and cafe Butwal
Vitamin Foods and Cafe,9857070705,bakery and cafe Butwal
Shine Bakery & Cafe,9867597001,bakery and cafe Butwal
Mega bakery & cafe,9847076134,bakery and cafe Butwal
Sister's Bakery and Cafe,9862722405,bakery and cafe Butwal
Tastycake Bakery And Cafe,9863771515,bakery and cafe Butwal
Flavors Butwal Bakrey,9867509481,bakery and cafe Butwal
Bakery Sansar,9821481273,bakery and cafe Butwal
Butwal Bakery School,9806971806,bakery and cafe Butwal
Moonlight bakery and cafe,9867534076,bakery and cafe Butwal
"Brace - Bakery, Coffee and Food",9742974315,bakery and cafe Butwal
Lima Bakery,9766727260,bakery and cafe Butwal
The Donut Shop,9802590568,bakery and cafe Butwal
